{
  "Name": "Bathtub_82fff6c60a44_lod0",
  "Source": "01_Bathtub",
  "Timestamp": 1592570895,
  "BoundingBox": {
    "MinPoint": {
      "x": -0.41612017154693604,
      "y": -0.7947413325309753,
      "z": 0.00013672550267074257
    },
    "MaxPoint": {
      "x": 0.4161912798881531,
      "y": 0.7979351878166199,
      "z": 0.8301291465759277
    }
  },
  "Type": "bathtubs",
  "Category": "bathtubs",
  "Width": 0.8323114514350891,
  "Length": 1.5926765203475952,
  "Orientation": 1.5707963267948966
}