{"Name": "DaybedSets_O4f4dc74f7857_lod0", "Source": "B075QDV244", "Timestamp": 1594393436, "BoundingBox": {"MinPoint": {"x": -0.5345368981361389, "y": -1.0803724527359009, "z": -1.412442856008056e-07}, "MaxPoint": {"x": 0.5345368981361389, "y": 1.0803723335266113, "z": 0.8909703493118286}}, "Type": "daybed-sets", "Category": "daybed-sets", "Width": 1.0690737962722778, "Length": 2.160744786262512, "Orientation": 4.71238898038469}