{"Name": "Sofas_Oae268ae3eb42_lod0", "Source": "B07QBMQ4LN", "Timestamp": 1595342860, "BoundingBox": {"MinPoint": {"x": -1.0893813371658325, "y": -0.5271743535995483, "z": 4.7181674744933844e-05}, "MaxPoint": {"x": 1.0894538164138794, "y": 0.4889228343963623, "z": 0.8728388547897339}}, "Type": "sofas", "Category": "sofas", "Width": 2.178835153579712, "Length": 1.0160971879959106, "Orientation": 4.71238898038469}