{"Name": "SofaTables_O37bb89b6452b_lod0", "Source": "B07QGG24Z5", "Timestamp": 1594398248, "BoundingBox": {"MinPoint": {"x": -0.7005603313446045, "y": -0.19735005497932434, "z": -1.868861865261806e-08}, "MaxPoint": {"x": 0.699409008026123, "y": 0.20208284258842468, "z": 0.7990700602531433}}, "Type": "sofa-tables", "Category": "sofa-tables", "Width": 1.3999693393707275, "Length": 0.399432897567749, "Orientation": 4.71238898038469}