{"Name": "CoffeeTables_O73b15e86a72b_lod0", "Source": "B072ZN4NDS", "Timestamp": 1594397050, "BoundingBox": {"MinPoint": {"x": -0.6003518104553223, "y": -0.36411088705062866, "z": 0.00012357205559965223}, "MaxPoint": {"x": 0.6024782657623291, "y": 0.3397955000400543, "z": 0.40392160415649414}}, "Type": "coffee-tables", "Category": "coffee-tables", "Width": 1.2028300762176514, "Length": 0.703906387090683, "Orientation": 4.71238898038469}